 FreeCodeCamp,FreeCodeCamp,JavaScript,182276,6912,
 twbs,bootstrap,JavaScript,102188,45994,
 vhf,free-programming-books,,67880,16420,
 d3,d3,JavaScript,55763,14971,
 angular,angular.js,JavaScript,52691,25968,
 facebook,react,JavaScript,51556,9006,
 FortAwesome,Font-Awesome,HTML,45512,7843,
 sindresorhus,awesome,,44388,5266,
 robbyrussell,oh-my-zsh,Shell,43677,10894,
 getify,You-Dont-Know-JS,JavaScript,42975,6190,
 airbnb,javascript,JavaScript,41895,7907,
 github,gitignore,,41880,16703,
 jquery,jquery,JavaScript,41801,11417,
 facebook,react-native,Java,38822,8669,
 torvalds,linux,C,37615,14508,
 nodejs,node-v0.x-archive,,36969,8335,
 electron,electron,C++,36703,4192,
 daneden,animate.css,CSS,35988,8103,
 docker,docker,Go,35817,10533,
 meteor,meteor,JavaScript,35567,4395,
 h5bp,html5-boilerplate,JavaScript,35479,8840,
 apple,swift,C++,34443,4918,
 tensorflow,tensorflow,C++,34063,14961,
 rails,rails,Ruby,33023,13437,
 atom,atom,CoffeeScript,31440,5413,
 hakimel,reveal.js,JavaScript,30700,9301,
 vuejs,vue,JavaScript,30035,3379,
 impress,impress.js,JavaScript,29940,6400,
 nwjs,nw.js,C++,29612,3330,
 Homebrew,legacy-homebrew,Ruby,29534,14098,
 Semantic-Org,Semantic-UI,JavaScript,28591,3291,
 jlevy,the-art-of-command-line,,28572,2672,
 moment,moment,JavaScript,28171,3965,
 mrdoob,three.js,JavaScript,28013,9567,
 socketio,socket.io,JavaScript,27911,5402,
 expressjs,express,JavaScript,27814,5147,
 nodejs,node,JavaScript,27592,4539,
 AFNetworking,AFNetworking,Objective-C,27244,8655,
 jekyll,jekyll,Ruby,27197,5995,
 laravel,laravel,PHP,26491,8723,
 jkbrzt,httpie,Python,26467,1684,
 google,material-design-icons,CSS,26178,4948,
 adobe,brackets,JavaScript,26163,5532,
 driftyco,ionic,TypeScript,26097,5777,
 chartjs,Chart.js,JavaScript,25626,6962,
 jashkenas,backbone,JavaScript,25610,5628,
 vinta,awesome-python,Python,25283,4841,
 blueimp,jQuery-File-Upload,JavaScript,24951,6739,
 NARKOZ,hacker-scripts,JavaScript,24678,4524,
 resume,resume.github.com,JavaScript,24603,659,
 zurb,foundation-sites,JavaScript,24233,5312,
 reactjs,redux,JavaScript,24110,3911,
 google,material-design-lite,HTML,23731,3950,
 gulpjs,gulp,JavaScript,23568,3226,
 h5bp,Front-end-Developer-Interview-Questions,,23410,4642,
 necolas,normalize.css,HTML,23145,4759,
 pallets,flask,Python,22997,7293,
 nvbn,thefuck,Python,22309,1079,
 Dogfalo,materialize,JavaScript,21964,3106,
 chrislgarry,Apollo-11,Assembly,21798,3133,
 django,django,Python,21589,8661,
 kennethreitz,requests,Python,21278,3779,
 golang,go,Go,21028,2755,
 TryGhost,Ghost,JavaScript,20880,5046,
 rg3,youtube-dl,Python,20759,3973,
 nylas,N1,JavaScript,20671,925,
 johnpapa,angular-styleguide,,20664,3742,
 neovim,neovim,VimL,20287,1450,
 getlantern,lantern,Go,20244,5271,
 callemall,material-ui,JavaScript,20142,3627,
 dypsilon,frontend-dev-bookmarks,,20130,3524,
 antirez,redis,C,20094,7458,
 harvesthq,chosen,HTML,20021,3875,
 tiimgreen,github-cheat-sheet,,20021,2593,
 Alamofire,Alamofire,Swift,19749,3349,
 ariya,phantomjs,HTML,19679,4128,
 discourse,discourse,Ruby,19469,5146,
 webpack,webpack,JavaScript,19450,2012,
 caolan,async,JavaScript,19354,1893,
 Trinea,android-open-project,,19344,10177,
 jashkenas,underscore,JavaScript,19271,4394,
 ansible,ansible,Python,19235,5834,
 lodash,lodash,JavaScript,19192,1881,
 Modernizr,Modernizr,JavaScript,18977,2626,
 elastic,elasticsearch,Java,18787,6401,
 tastejs,todomvc,JavaScript,18739,10700,
 rust-lang,rust,Rust,18579,3591,
 gitlabhq,gitlabhq,Ruby,18545,5076,
 select2,select2,JavaScript,18482,3992,
 Microsoft,vscode,TypeScript,18382,2518,
 wasabeef,awesome-android-ui,,18050,5048,
 babel,babel,JavaScript,18028,1392,
 ReactiveX,RxJava,Java,17743,3122,
 papers-we-love,papers-we-love,,17664,1791,
 open-source-society,computer-science,,17546,2035,
 sahat,hackathon-starter,CSS,17507,2813,
 kubernetes,kubernetes,Go,17480,5685,
 bayandin,awesome-awesomeness,,17211,2160,
 angular,angular,TypeScript,17187,4356,
 joshbuchea,HEAD,,17124,1069,
 lukehoban,es6features,,17003,1437,
 emberjs,ember.js,JavaScript,16928,3590,
 ReactTraining,react-router,JavaScript,16705,3812,
 FezVrasta,bootstrap-material-design,CSS,16696,2853,
 typicode,json-server,JavaScript,16657,1097,
 josephmisiti,awesome-machine-learning,Python,16573,3965,
 facebook,pop,Objective-C++,16520,2635,
 prakhar1989,awesome-courses,,16501,2799,
 certbot,certbot,Python,16444,1346,
 rethinkdb,rethinkdb,C++,16443,1361,
 scrapy,scrapy,Python,16366,4518,
 Prinzhorn,skrollr,HTML,16259,3302,
 alvarotrigo,fullPage.js,JavaScript,16224,4283,
 Leaflet,Leaflet,JavaScript,16218,2774,
 kenwheeler,slick,JavaScript,16140,2509,
 Polymer,polymer,HTML,16091,1593,
 square,retrofit,Java,16086,3335,
 enaqx,awesome-react,,16029,1588,
 plataformatec,devise,Ruby,15975,3632,
 rs,SDWebImage,Objective-C,15918,4485,
 gogits,gogs,Go,15907,1724,
 mozilla,pdf.js,JavaScript,15829,3749,
 Microsoft,TypeScript,TypeScript,15748,2129,
 numbbbbb,the-swift-programming-language-in-chinese,CSS,15739,4361,
 vsouza,awesome-ios,Swift,15670,2705,
 caesar0301,awesome-public-datasets,,15652,2009,
 nvie,gitflow,Shell,15635,1751,
 avelino,awesome-go,Go,15606,1968,
 ReactiveCocoa,ReactiveCocoa,Swift,15597,2964,
 balderdashy,sails,JavaScript,15578,1603,
 Unitech,pm2,JavaScript,15226,1209,
 facebook,immutable-js,JavaScript,15208,803,
 firehol,netdata,C,15197,1108,
 mathiasbynens,dotfiles,Shell,15157,5576,
 adam-p,markdown-here,JavaScript,15151,2455,
 creationix,nvm,Shell,15141,1462,
 yahoo,pure,HTML,15054,1792,
 codepath,android_guides,,14951,3727,
 FallibleInc,security-guide-for-developers,,14920,827,
 cantino,huginn,Ruby,14910,1585,
 git,git,C,14848,8407,
 google,web-starter-kit,HTML,14840,2525,
 hammerjs,hammer.js,JavaScript,14823,2178,
 square,okhttp,Java,14778,3843,
 IanLunn,Hover,CSS,14773,3087,
 shadowsocks,shadowsocks,Python,14707,9218,
 bower,bower,JavaScript,14664,1918,
 angular,material,JavaScript,14629,3094,
 usablica,intro.js,HTML,14489,1805,
 t4t5,sweetalert,JavaScript,14375,1903,
 iluwatar,java-design-patterns,Java,14288,4783,
 defunkt,jquery-pjax,JavaScript,14214,1760,
 nostra13,Android-Universal-Image-Loader,Java,14170,6216,
 less,less.js,JavaScript,14061,3267,
 ecomfe,echarts,JavaScript,14040,4938,
 bevacqua,dragula,JavaScript,14035,897,
 BradLarson,GPUImage,Objective-C,13984,3476,
 facebook,hhvm,C++,13967,2565,
 scikit-learn,scikit-learn,Python,13957,7979,
 ripienaar,free-for-dev,,13941,1389,
 videojs,video.js,JavaScript,13867,4024,
 zenorocha,clipboard.js,JavaScript,13854,918,
 sindresorhus,awesome-nodejs,,13843,1664,
 shockone,black-screen,TypeScript,13629,375,
 ajaxorg,ace,JavaScript,13618,3251,
 justjavac,free-programming-books-zh_CN,JavaScript,13595,5671,
 syncthing,syncthing,Go,13594,1047,
 jwasham,google-interview-university,,13559,1809,
 twbs,ratchet,CSS,13414,1442,
 photonstorm,phaser,JavaScript,13392,4545,
 jashkenas,coffeescript,CoffeeScript,13389,1821,
 twitter,typeahead.js,JavaScript,13377,2681,
 ftlabs,fastclick,HTML,13371,2091,
 SnapKit,Masonry,Objective-C,13321,2651,
 kahun,awesome-sysadmin,,13286,2029,
 angular-ui,bootstrap,JavaScript,13270,6814,
 mitchellh,vagrant,Ruby,13257,2814,
 GitbookIO,gitbook,JavaScript,13234,1602,
 0xAX,linux-insides,,13173,1241,
 ziadoz,awesome-php,,13171,2670,
 bcit-ci,CodeIgniter,PHP,13152,6508,
 symfony,symfony,PHP,13096,5077,
 BVLC,caffe,C++,13072,7993,
 facebookincubator,create-react-app,JavaScript,12952,1046,
 VundleVim,Vundle.vim,VimL,12927,1562,
 limetext,lime,,12768,1089,
 dhg,Skeleton,CSS,12752,2275,
 request,request,JavaScript,12740,1591,
 almasaeed2010,AdminLTE,HTML,12671,4434,
 spf13,hugo,Go,12632,1944,
 petkaantonov,bluebird,JavaScript,12600,1518,
 facebook,flux,JavaScript,12534,3405,
 hexojs,hexo,JavaScript,12466,1999,
 pugjs,pug,JavaScript,12433,1638,
 kriskowal,q,JavaScript,12421,1044,
 dokku,dokku,Shell,12417,1087,
 google,protobuf,C++,12393,3734,
 aosabook,500lines,JavaScript,12389,2355,
 astaxie,build-web-application-with-golang,Go,12293,4032,
 tornadoweb,tornado,Python,12265,3731,
 Kickball,awesome-selfhosted,Makefile,12251,889,
 alex,what-happens-when,,12248,862,
 JakeWharton,butterknife,Java,12247,2688,
 dimsemenov,PhotoSwipe,JavaScript,12233,1746,
 jdg,MBProgressHUD,Objective-C,12226,3146,
 designmodo,Flat-UI,JavaScript,12186,2308,
 grafana,grafana,Go,12177,1869,
 koajs,koa,JavaScript,12145,1043,
 angular,angular-seed,JavaScript,12129,6930,
 karan,Projects,,12107,5820,
 isocpp,CppCoreGuidelines,Python,12095,1395,
 postcss,postcss,JavaScript,12083,649,
 angular-ui,ui-router,JavaScript,12079,2932,
 Reactive-Extensions,RxJS,JavaScript,12077,1352,
 rstacruz,nprogress,JavaScript,12063,1085,
 tobiasahlin,SpinKit,CSS,12053,1127,
 google,guava,Java,12014,2892,
 Valloric,YouCompleteMe,Python,12007,1405,
 google,iosched,Java,12001,4660,
 SwiftyJSON,SwiftyJSON,Swift,11977,2231,
 minimaxir,big-list-of-naughty-strings,Python,11866,493,
 SamyPesse,How-to-Make-a-Computer-Operating-System,C,11863,2155,
 futurice,android-best-practices,Java,11852,2304,
 pixijs,pixi.js,JavaScript,11783,2219,
 rwaldron,idiomatic.js,,11777,1572,
 interagent,http-api-design,,11757,972,
 feross,webtorrent,JavaScript,11746,958,
 greenrobot,EventBus,Java,11743,3131,
 jasmine,jasmine,JavaScript,11679,1787,
 PhilJay,MPAndroidChart,Java,11649,3700,
 braydie,HowToBeAProgrammer,,11638,939,
 fastlane,fastlane,Ruby,11595,1711,
 square,picasso,Java,11552,3194,
 github,hubot,CoffeeScript,11531,2649,
 opencv,opencv,C++,11516,9418,
 reddit,reddit,Python,11501,2210,
 serverless,serverless,JavaScript,11472,885,
 madrobby,zepto,HTML,11469,2996,
 ParsePlatform,parse-server,JavaScript,11466,3022,
 lord,slate,JavaScript,11450,6156,
 julianshapiro,velocity,JavaScript,11422,1097,
 square,leakcanary,Java,11422,1949,
 weui,weui,CSS,11412,3169,
 twbs,bootstrap-sass,Ruby,11401,2822,
 googlesamples,android-architecture,,11307,2866,
 danielgindi,Charts,Swift,11268,1927,
 enyo,dropzone,JavaScript,11197,2717,
 bbatsov,ruby-style-guide,,11150,2628,
 bumptech,glide,Java,11122,2338,
 dkhamsing,open-source-ios-apps,Swift,11122,1989,
 quilljs,quill,JavaScript,11101,625,
 jcjohnson,neural-style,Lua,11097,1587,
 gruntjs,grunt,JavaScript,11092,1417,
 coreos,etcd,Go,11080,1963,
 textmate,textmate,Objective-C++,11013,1720,
 kriasoft,react-starter-kit,JavaScript,10989,2164,
 wycats,handlebars.js,JavaScript,10957,1474,
 diaspora,diaspora,Ruby,10938,2795,
 bolshchikov,js-must-watch,,10898,765,
 postcss,autoprefixer,CoffeeScript,10886,594,
 desandro,masonry,JavaScript,10861,1905,
 domnikl,DesignPatternsPHP,PHP,10826,2308,
 kripken,emscripten,C,10753,1340,
 h5bp,Effeckt.css,CSS,10746,1525,
 facebook,fresco,Java,10739,3014,
 ruby,ruby,Ruby,10722,3067,
 ipader,SwiftGuide,Swift,10711,2925,
 zxing,zxing,Java,10677,5597,
 riot,riot,JavaScript,10661,872,
 jlmakes,scrollreveal,JavaScript,10659,1363,
 chjj,marked,HTML,10651,1519,
 HubSpot,pace,CSS,10647,1269,
 dotnet,corefx,C#,10641,2672,
 spring-projects,spring-framework,Java,10637,8547,
 ccgus,fmdb,Objective-C,10631,2495,
 npm,npm,JavaScript,10601,2173,
 getsentry,sentry,Python,10589,1255,
 CamDavidsonPilon,Probabilistic-Programming-and-Bayesian-Methods-for-Hackers,Jupyter,Notebook,10589,2989
 mochajs,mocha,JavaScript,10554,1591,
 github,fetch,JavaScript,10524,671,
 wagerfield,parallax,JavaScript,10515,1670,
 jmcunningham,AngularJS-Learning,,10515,2219,
 node-inspector,node-inspector,JavaScript,10502,646,
 Automattic,mongoose,JavaScript,10490,1655,
 scottjehl,Respond,JavaScript,10441,3529,
 etsy,statsd,JavaScript,10419,1424,
 Shopify,dashing,JavaScript,10413,1173,
 Thibaut,devdocs,Ruby,10410,682,
 substack,node-browserify,JavaScript,10332,930,
 apache,spark,Scala,10326,9599,
 ipython,ipython,Python,10283,3026,
 ggreer,the_silver_searcher,C,10248,734,
 MaximAbramchuck,awesome-interview-questions,,10213,900,
 mongodb,mongo,C++,10160,2808,
 bitcoin,bitcoin,C++,10126,6717,
 php,php-src,C,10111,3550,
 altercation,solarized,VimL,10100,2734,
 XX-net,XX-Net,Python,10091,3643,
 codemirror,CodeMirror,JavaScript,10078,2550,
 loverajoel,jstips,CSS,10044,619,
 Mantle,Mantle,Objective-C,9993,1375,
 jquery,jquery-mobile,JavaScript,9973,2678,
 cheeriojs,cheerio,JavaScript,9971,778,
 octocat,Spoon-Knife,HTML,9953,86125,
 chriskempson,tomorrow-theme,CSS,9944,2245,
 matteocrippa,awesome-swift,Swift,9919,1401,
 driftyco,ionicons,HTML,9910,1058,
 toddmotto,public-apis,,9902,630,
 janl,mustache.js,JavaScript,9884,1945,
 mxstbr,react-boilerplate,JavaScript,9847,1033,
 kennethreitz,python-guide,Batchfile,9840,3265,
 jfeinstein10,SlidingMenu,Java,9836,5563,
 magicalpanda,MagicalRecord,Objective-C,9829,1803,
 requirejs,requirejs,JavaScript,9828,1868,
 yarnpkg,yarn,JavaScript,9821,212,
 RestKit,RestKit,Objective-C,9797,2234,
 VerbalExpressions,JSVerbalExpressions,JavaScript,9779,447,
 caskroom,homebrew-cask,Ruby,9773,4189,
 libgdx,libgdx,Java,9764,4854,
 akullpp,awesome-java,,9753,2190,
 wg,wrk,C,9720,711,
 addyosmani,backbone-fundamentals,JavaScript,9717,1612,
 jquery,jquery-ui,JavaScript,9707,4148,
 apache,incubator-predictionio,Scala,9667,1512,
 nolimits4web,Swiper,JavaScript,9617,3558,
 xdissent,ievms,Shell,9583,469,
 linnovate,mean,JavaScript,9509,2878,
 faif,python-patterns,Python,9507,2262,
 imathis,octopress,Ruby,9497,3078,
 alcatraz,Alcatraz,Objective-C,9497,1261,
 fzaninotto,Faker,PHP,9444,1458,
 phanan,htaccess,,9441,889,
 facebook,AsyncDisplayKit,Objective-C,9432,1629,
 jgthms,bulma,CSS,9421,459,
 adobe-fonts,source-code-pro,Python,9398,881,
 loopj,android-async-http,Java,9379,4273,
 herrbischoff,awesome-osx-command-line,,9363,462,
 browserstate,history.js,JavaScript,9362,1352,
 google,deepdream,,9351,2316,
 jwagner,smartcrop.js,JavaScript,9350,425,
 git-tips,tips,JavaScript,9343,602,
 MostlyAdequate,mostly-adequate-guide,JavaScript,9301,687,
 fouber,blog,,9278,1272,
 yabwe,medium-editor,JavaScript,9263,1112,
 syl20bnr,spacemacs,Emacs,Lisp,9260,2439
 github,hub,Go,9260,843,
 ReactiveX,RxAndroid,Java,9256,1659,
 LightTable,LightTable,Clojure,9225,823,
 mattermost,platform,JavaScript,9222,1184,
 jessesquires,JSQMessagesViewController,Objective-C,9210,2174,
 zeit,hyper,JavaScript,9193,579,
 Flipboard,react-canvas,JavaScript,9145,756,
 RocketChat,Rocket.Chat,JavaScript,9141,1946,
 CoderMJLee,MJRefresh,Objective-C,9133,2882,
 AHAAAAAAA,PokemonGo-Map,,9094,3977,
 MengTo,Spring,Swift,9070,946,
 substack,stream-handbook,JavaScript,9050,650,
 realm,realm-cocoa,Objective-C,9029,1094,
 influxdata,influxdb,Go,9027,1266,
 tj,git-extras,Shell,8996,630,
 spf13,spf13-vim,VimL,8993,2745,
 jaredhanson,passport,JavaScript,8934,555,
 cocos2d,cocos2d-x,C++,8893,5733,
 nathanmarz,storm,Java,8877,1780,
 capistrano,capistrano,Ruby,8854,1456,
 facebook,flow,OCaml,8854,643,
 yiisoft,yii2,PHP,8850,5149,
 segmentio,nightmare,JavaScript,8833,473,
 uxsolutions,bootstrap-datepicker,JavaScript,8824,3663,
 visionmedia,superagent,JavaScript,8817,844,
 remy,nodemon,JavaScript,8816,652,
 keen,dashboards,JavaScript,8816,999,
 adobe-webplatform,Snap.svg,JavaScript,8808,838,
 selectize,selectize.js,JavaScript,8802,1931,
 peachananr,onepage-scroll,JavaScript,8802,2094,
 tensorflow,models,Python,8793,1895,
 go-martini,martini,Go,8776,921,
 PerfectlySoft,Perfect,Swift,8768,603,
 philipwalton,solved-by-flexbox,CSS,8763,643,
 ampproject,amphtml,JavaScript,8763,1315,
 julycoding,The-Art-Of-Programming-By-July,C,8762,4379,
 juliangarnier,anime,JavaScript,8752,424,
 soimort,you-get,Python,8751,1629,
 raywenderlich,swift-algorithm-club,Swift,8738,1032,
 sass,sass,Ruby,8724,1670,
 rbenv,rbenv,Shell,8700,811,
 scottjehl,picturefill,JavaScript,8699,1003,
 SVProgressHUD,SVProgressHUD,Objective-C,8694,1919,
 fchollet,keras,Python,8688,2732,
 cjwirth,awesome-ios-ui,,8665,1047,
 tonsky,FiraCode,Clojure,8659,238,
 gionkunz,chartist-js,JavaScript,8652,1362,
 cayleygraph,cayley,Go,8649,719,
 benweet,stackedit,JavaScript,8636,1459,
 parkjs814,AlgorithmVisualizer,JavaScript,8618,1130,
 dimsemenov,Magnific-Popup,JavaScript,8610,2040,
 knsv,mermaid,JavaScript,8609,456,
 foreverjs,forever,JavaScript,8604,640,
 CocoaPods,CocoaPods,Ruby,8592,1615,
 DefinitelyTyped,DefinitelyTyped,TypeScript,8584,6636,
 DmitryBaranovskiy,raphael,JavaScript,8564,1351,
 kilimchoi,engineering-blogs,Ruby,8541,966,
 WickyNilliams,headroom.js,JavaScript,8534,696,
 ibireme,YYKit,Objective-C,8514,2434,
 playframework,playframework,Scala,8481,2927,
 Selz,plyr,JavaScript,8467,643,
 JacksonTian,fks,JavaScript,8458,3287,
 Bilibili,ijkplayer,C,8451,2772,
 fgnass,spin.js,JavaScript,8430,999,
 isagalaev,highlight.js,JavaScript,8400,1455,
 chrissimpkins,Hack,Python,8391,264,
 astaxie,beego,Go,8376,2074,
 androidannotations,androidannotations,Java,8364,2283,
 php-fig,fig-standards,,8340,2224,
 docker,compose,Python,8330,1270,
 nicklockwood,iCarousel,Objective-C,8321,2014,
 composer,composer,PHP,8317,2306,
 NativeScript,NativeScript,TypeScript,8316,635,
 tpope,vim-pathogen,VimL,8314,975,
 cmderdev,cmder,PowerShell,8303,588,
 sinatra,sinatra,Ruby,8299,1562,
 cubiq,iscroll,JavaScript,8296,2477,
 elixir-lang,elixir,Elixir,8282,1134,
 DrkSephy,es6-cheatsheet,JavaScript,8278,457,
 Marak,faker.js,JavaScript,8272,670,
 inconshreveable,ngrok,Go,8259,1093,
 sindresorhus,awesome-electron,,8258,690,
 gabrielecirulli,2048,CSS,8255,14195,
 tldr-pages,tldr,TeX,8253,598,
 mholt,caddy,Go,8252,530,
 petehunt,webpack-howto,JavaScript,8241,643,
 sdelements,lets-chat,JavaScript,8240,1232,
 pockethub,PocketHub,JavaScript,8235,3720,
 yeoman,yeoman,,8221,754,
 NUKnightLab,TimelineJS,JavaScript,8211,1620,
 yaronn,blessed-contrib,JavaScript,8211,319,
 JakeWharton,ViewPagerIndicator,Java,8166,4164,
 vim-airline,vim-airline,VimL,8144,562,
 thomaspark,bootswatch,HTML,8135,2253,
 thoughtbot,paperclip,Ruby,8132,1823,
 irungentoo,toxcore,C,8113,1010,
 CocoaLumberjack,CocoaLumberjack,Objective-C,8104,1504,
 RubaXa,Sortable,JavaScript,8099,1182,
 WordPress,WordPress,PHP,8094,4201,
 fullstackio,FlappySwift,Swift,8050,2372,
 onevcat,VVDocumenter-Xcode,Objective-C,8043,1751,
 servo,servo,,8037,1301,
 nolimits4web,Framework7,JavaScript,8030,1740,
 open-guides,og-aws,Shell,8020,367,
 aurelia,framework,JavaScript,8005,457,
 netty,netty,Java,7980,4015,
 Carthage,Carthage,Swift,7976,645,
 carhartl,jquery-cookie,JavaScript,7957,3490,
 legomushroom,mojs,JavaScript,7952,377,
 Automattic,wp-calypso,JavaScript,7894,994,
 mgonto,restangular,JavaScript,7877,920,
 allenwong,30DaysofSwift,Swift,7873,1419,
 ptmt,react-native-macos,JavaScript,7867,308,
 keystonejs,keystone,JavaScript,7864,1257,
 equinusocio,material-theme,JavaScript,7854,590,
 spree,spree,Ruby,7852,3651,
 jondot,awesome-react-native,Ruby,7845,938,
 puikinsh,gentelella,HTML,7843,2145,
 amazeui,amazeui,CSS,7831,2016,
 chrisbanes,PhotoView,Java,7820,2571,
 jiahaog,nativefier,JavaScript,7817,308,
 shichuan,javascript-patterns,JavaScript,7806,1520,
 chrisaljoudi,uBlock,JavaScript,7805,402,
 daylerees,colour-schemes,JavaScript,7800,1195,
 mysqljs,mysql,JavaScript,7795,1255,
 racaljk,hosts,,7792,4467,
 knockout,knockout,JavaScript,7781,1333,
 guzzle,guzzle,PHP,7772,1219,
 wsargent,docker-cheat-sheet,,7767,1216,
 gin-gonic,gin,Go,7767,871,
 google,fonts,PureBasic,7764,1119,
 BrowserSync,browser-sync,JavaScript,7746,481,
 spring-projects,spring-boot,Java,7744,7548,
 drone,drone,Go,7743,884,
 phoenixframework,phoenix,Elixir,7737,892,
 cockroachdb,cockroach,Go,7721,772,
 sequelize,sequelize,JavaScript,7720,1558,
 fabric,fabric,Python,7713,1290,
 hemanth,functional-programming-jargon,,7697,343,
 HubSpot,youmightnotneedjquery,HTML,7690,328,
 imakewebthings,waypoints,JavaScript,7684,1039,
 SnapKit,SnapKit,Swift,7680,793,
 facebook,draft-js,JavaScript,7677,569,
 phacility,phabricator,PHP,7673,1068,
 sahat,satellizer,TypeScript,7671,1158,
 sindresorhus,pageres,JavaScript,7668,471,
 JuliaLang,julia,Julia,7664,1793,
 roots,sage,PHP,7663,2549,
 you-dont-need,You-Dont-Need-Javascript,CSS,7662,415,
 airbnb,caravel,Python,7660,899,
 karma-runner,karma,JavaScript,7656,1228,
 feross,standard,JavaScript,7655,424,
 alebcay,awesome-shell,,7650,684,
 thoughtbot,bourbon,Ruby,7648,861,
 erikras,react-redux-universal-hot-example,JavaScript,7614,1831,
 ruby-grape,grape,Ruby,7603,912,
 wekan,wekan,JavaScript,7597,1042,
 facebookarchive,three20,Objective-C,7596,1664,
 janpaepke,ScrollMagic,JavaScript,7588,1293,
 kevinzhow,PNChart,Objective-C,7576,1508,
 uikit,uikit,HTML,7562,1449,
 fbsamples,f8app,JavaScript,7550,1288,
 audreyr,favicon-cheat-sheet,,7547,334,
 binux,pyspider,Python,7542,1956,
 moklick,frontend-stuff,,7540,618,
 afollestad,material-dialogs,Java,7540,1576,
 bang590,JSPatch,C,7534,1682,
 aFarkas,html5shiv,JavaScript,7534,1956,
 chrisbanes,Android-PullToRefresh,Java,7531,5003,
 metafizzy,isotope,JavaScript,7523,1248,
 resque,resque,Ruby,7511,1393,
 strongloop,loopback,JavaScript,7506,712,
 facebook,folly,C++,7503,1787,
 ericelliott,essential-javascript-links,ApacheConf,7500,614,
 arasatasaygin,is.js,JavaScript,7500,587,
 react-bootstrap,react-bootstrap,JavaScript,7496,1247,
 petehunt,react-howto,,7478,429,
 gollum,gollum,JavaScript,7477,1255,
 hashicorp,consul,Go,7476,1245,
 FormidableLabs,webpack-dashboard,JavaScript,7459,171,
 nsqio,nsq,Go,7455,944,
 hzlzh,Best-App,,7450,1162,
 stedolan,jq,C,7446,422,
 robbiehanson,CocoaAsyncSocket,Objective-C,7434,2094,
 Microsoft,dotnet,HTML,7433,1126,
 tpope,vim-fugitive,VimL,7425,483,
 hacksalot,HackMyResume,JavaScript,7398,351,
 stylus,stylus,JavaScript,7393,916,
 navasmdc,MaterialDesignLibrary,Java,7388,2295,
 revel,revel,Go,7388,1038,
 guillaumepotier,Parsley.js,JavaScript,7380,1163,
 grpc,grpc,C,7378,1405,
 joewalnes,websocketd,Go,7373,317,
 JakeWharton,ActionBarSherlock,Java,7359,4178,
 jnicklas,capybara,Ruby,7356,1073,
 begriffs,postgrest,Haskell,7354,295,
 vim,vim,C,7353,786,
 Rochester-NRT,RocAlphaGo,Python,7339,2008,
 HannahMitt,HomeMirror,Java,7322,624,
 kamens,jQuery-menu-aim,JavaScript,7311,1083,
 AllThingsSmitty,css-protips,,7306,394,
 marcuswestin,WebViewJavascriptBridge,Objective-C,7298,1722,
 HubSpot,offline,CSS,7296,640,
 google,leveldb,C++,7275,1848,
 apenwarr,sshuttle,Python,7271,587,
 harthur,brain,JavaScript,7270,834,
 hackiftekhar,IQKeyboardManager,Objective-C,7266,1276,
 Netflix,Hystrix,Java,7266,1389,
 phalcon,cphalcon,PHP,7264,1362,
 ccampbell,mousetrap,JavaScript,7264,660,
 Grouper,FlatUIKit,Objective-C,7262,994,
 jgm,pandoc,Haskell,7261,928,
 afaqurk,linux-dash,JavaScript,7255,885,
 oneuijs,You-Dont-Need-jQuery,JavaScript,7252,590,
 scrooloose,syntastic,VimL,7236,882,
 slimphp,Slim,PHP,7231,1424,
 PHPMailer,PHPMailer,PHP,7223,4151,
 VincentGarreau,particles.js,JavaScript,7223,998,
 facebook,osquery,C++,7221,808,
 gztchan,awesome-design,,7214,388,
 javve,list.js,JavaScript,7214,665,
 facebook,relay,JavaScript,7213,601,
 basecamp,trix,CoffeeScript,7208,284,
 kesenhoo,android-training-course-in-chinese,JavaScript,7205,2310,
 lgvalle,Material-Animations,Java,7202,1507,
 pydata,pandas,Python,7202,2965,
 facebook,Shimmer,Objective-C,7169,882,
 sqlmapproject,sqlmap,Python,7150,1640,
 rstacruz,jquery.transit,JavaScript,7140,921,
 sorrycc,awesome-javascript,,7137,1056,
 buunguyen,octotree,JavaScript,7135,527,
 systemjs,systemjs,JavaScript,7135,478,
 nickbutcher,plaid,Java,7116,1392,
 alibaba,weex,Java,7100,880,
 ejci,favico.js,JavaScript,7099,493,
 pouchdb,pouchdb,JavaScript,7073,767,
 amix,vimrc,VimL,7063,2438,
 Mashape,kong,Lua,7061,679,
 chinchang,hint.css,CSS,7056,699,
 handsontable,handsontable,JavaScript,7051,1561,
 mishoo,UglifyJS,JavaScript,7048,653,
 jordansissel,fpm,Ruby,7041,713,
 path,FastImageCache,Objective-C,7036,844,
 carlhuda,janus,VimL,7034,824,
 mrmrs,colors,CSS,7023,412,
 niklasvh,html2canvas,JavaScript,7013,1587,
 carrierwaveuploader,carrierwave,Ruby,7012,1248,
 marionettejs,backbone.marionette,JavaScript,6994,1369,
 ViccAlexander,Chameleon,Objective-C,6994,632,
 PHPOffice,PHPExcel,PHP,6991,2389,
 scrooloose,nerdtree,VimL,6985,779,
 sindresorhus,quick-look-plugins,,6978,246,
 dotnet,coreclr,C#,6953,1686,
 saltstack,salt,Python,6949,3164,
 scala,scala,Scala,6938,1760,
 paperjs,paper.js,JavaScript,6933,710,
 dthree,cash,JavaScript,6929,178,
 rollup,rollup,JavaScript,6929,222,
 slackhq,SlackTextViewController,Objective-C,6928,789,
 qrohlf,trianglify,JavaScript,6918,530,
 jaywcjlove,awesome-mac,JavaScript,6898,707,
 FredrikNoren,ungit,JavaScript,6893,404,
 activeadmin,activeadmin,Ruby,6891,2541,
 rwaldron,johnny-five,JavaScript,6889,983,
 jzaefferer,jquery-validation,JavaScript,6888,2118,
 goldfire,howler.js,JavaScript,6885,710,
 jessepollak,card,JavaScript,6883,702,
 Automattic,_s,CSS,6882,2312,
 ruanyf,react-demos,JavaScript,6878,3198,
 google,traceur-compiler,JavaScript,6870,461,
 Compass,compass,CSS,6870,1246,
 kkga,spacegray,JavaScript,6868,458,
 airbnb,enzyme,JavaScript,6854,484,
 ConnorAtherton,loaders.css,CSS,6850,825,
 bbatsov,rubocop,Ruby,6848,1014,
 OpenEmu,OpenEmu,Objective-C,6834,784,
 Matt-Esch,virtual-dom,JavaScript,6822,414,
 TTTAttributedLabel,TTTAttributedLabel,Objective-C,6819,1367,
 Netflix,falcor,JavaScript,6815,288,
 Flipboard,FLEX,Objective-C,6802,682,
 rapid7,metasploit-framework,Ruby,6798,4488,
 yudai,gotty,Go,6796,319,
 sorin-ionescu,prezto,Shell,6784,3162,
 Famous,famous,JavaScript,6784,809,
 geekcompany,ResumeSample,,6773,2647,
 alsotang,node-lessons,JavaScript,6769,2624,
 hapijs,hapi,JavaScript,6767,704,
 WhisperSystems,Signal-Android,C,6755,1819,
 nagadomi,waifu2x,Lua,6748,805,
 jshint,jshint,JavaScript,6747,1448,
 google,flatbuffers,C++,6743,976,
 cakephp,cakephp,PHP,6741,3049,
 danialfarid,ng-file-upload,JavaScript,6736,1394,
 mperham,sidekiq,Ruby,6733,1189,
 avajs,ava,JavaScript,6724,311,
 matryer,bitbar,Objective-C,6719,231,
 godotengine,godot,C++,6717,1755,
 vapor,vapor,Swift,6715,355,
 NodeRedis,node_redis,JavaScript,6710,941,
 marmelab,gremlins.js,JavaScript,6694,291,
 ochococo,Design-Patterns-In-Swift,Swift,6690,696,
 hehonghui,android-tech-frontier,,6683,2560,
 senchalabs,connect,JavaScript,6682,919,
 kangax,fabric.js,JavaScript,6667,1172,
 javan,whenever,Ruby,6665,613,
 NetEase,pomelo,JavaScript,6651,1922,
 MrRio,jsPDF,JavaScript,6638,1587,
 maxwellito,vivus,JavaScript,6637,580,
 localForage,localForage,JavaScript,6635,427,
 mailcheck,mailcheck,JavaScript,6634,396,
 gorhill,uBlock,JavaScript,6630,444,
 zenorocha,alfred-workflows,,6629,553,
 nodemailer,nodemailer,JavaScript,6628,609,
 mailpile,Mailpile,Python,6626,703,
 kadirahq,react-storybook,JavaScript,6625,330,
 fish-shell,fish-shell,Shell,6623,631,
 tj,co,JavaScript,6612,447,
 daimajia,AndroidSwipeLayout,Java,6610,1955,
 alexjc,neural-doodle,Python,6596,450,
 tomchristie,django-rest-framework,Python,6593,2281,
 aymericdamien,TensorFlow-Examples,Jupyter,Notebook,6592,1264
 mzabriskie,axios,JavaScript,6590,348,
 jacomyal,sigma.js,JavaScript,6590,1053,
 mwaterfall,MWPhotoBrowser,Objective-C,6588,2057,
 alibaba,fastjson,Java,6587,2518,
 phanan,koel,PHP,6586,592,
 google,WebFundamentals,HTML,6578,1239,
 romaonthego,RESideMenu,Objective-C,6569,1363,
 xing,wysihtml5,JavaScript,6569,1090,
 flightjs,flight,JavaScript,6563,588,
 lhorie,mithril.js,HTML,6558,508,
 elastic,logstash,Ruby,6553,1918,
 hakimel,Ladda,HTML,6546,761,
 amsul,pickadate.js,JavaScript,6536,826,
 xgrommx,awesome-redux,,6533,490,
 purifycss,purifycss,JavaScript,6525,237,
 ksoichiro,Android-ObservableScrollView,Java,6515,1704,
 forkingdog,UITableView-FDTemplateLayoutCell,Objective-C,6514,1441,
 JohnCoates,Aerial,Swift,6499,334,
 cjbarber,ToolsOfTheTrade,,6496,659,
 tmpvar,jsdom,JavaScript,6493,688,
 docker,kitematic,JavaScript,6492,665,
 dzenbot,DZNEmptyDataSet,Objective-C,6489,882,
 Microsoft,CNTK,C++,6479,1441,
 ubuwaits,beautiful-web-type,CSS,6475,325,
 tj,commander.js,JavaScript,6474,556,
 powerline,powerline,Python,6472,564,
 matthieua,WOW,JavaScript,6466,1520,
 datasciencemasters,go,,6461,3188,
 NodeBB,NodeBB,JavaScript,6445,1381,
 CEWendel,SWTableViewCell,Objective-C,6440,1229,
 eczarny,spectacle,Objective-C,6436,364,
 douglascrockford,JSON-js,JavaScript,6432,3732,
 clojure,clojurescript,Clojure,6431,575,
 mozilla,BrowserQuest,JavaScript,6425,2049,
 android10,Android-CleanArchitecture,Java,6423,1699,
 hpneo,gmaps,JavaScript,6416,1122,
 prometheus,prometheus,Go,6392,591,
 chenglou,react-motion,JavaScript,6391,312,
 chriso,validator.js,JavaScript,6383,592,
 bendc,frontend-guidelines,,6376,521,
 google,styleguide,HTML,6375,1732,
 ReactiveX,RxSwift,Swift,6375,834,
 donnemartin,data-science-ipython-notebooks,Python,6373,1449,
 googlesamples,android-UniversalMusicPlayer,Java,6372,2031,
 Aufree,trip-to-iOS,Objective-C,6365,2081,
 serbanghita,Mobile-Detect,PHP,6357,1730,
 dotnet,roslyn,C#,6355,1520,
 markets,awesome-ruby,,6354,872,
 tesseract-ocr,tesseract,C++,6351,1526,
 so-fancy,diff-so-fancy,Perl,6350,124,
 FineUploader,fine-uploader,JavaScript,6336,1485,
 boot2docker,boot2docker,Shell,6327,774,
 google,gson,HTML,6315,1523,
 fffaraz,awesome-cpp,,6310,1317,
 powerline,fonts,Shell,6303,1028,
 plataformatec,simple_form,Ruby,6303,1023,
 mozilla-mobile,firefox-ios,Swift,6296,1281,
 relax,relax,JavaScript,6290,397,
 mozilla,metrics-graphics,JavaScript,6267,369,
 Ramotion,animated-tab-bar,Swift,6265,859,
 sitaramc,gitolite,Perl,6259,779,
 fxsjy,jieba,Python,6259,1965,
 crystal-lang,crystal,Crystal,6255,507,
 liaohuqiu,android-Ultra-Pull-To-Refresh,Java,6250,2203,
 buger,gor,Go,6239,532,
 lukasz-madon,awesome-remote-job,,6224,599,
 davezuko,react-redux-starter-kit,JavaScript,6223,1328,
 swagger-api,swagger-ui,JavaScript,6218,3414,
 reactnativecn,react-native-guide,,6217,1670,
 fronteed,icheck,CSS,6214,1399,
 morrisjs,morris.js,CoffeeScript,6211,1056,
 winstonjs,winston,JavaScript,6209,672,
 facebook,rocksdb,C++,6200,1287,
 coreos,rkt,Go,6197,609,
 realm,realm-java,Java,6196,944,
 sferik,rails_admin,Ruby,6187,1819,
 ducksboard,gridster.js,JavaScript,6185,1178,
 c3js,c3,JavaScript,6184,981,
 CRYTEK-CRYENGINE,CRYENGINE,C++,6182,897,
 getpelican,pelican,HTML,6182,1302,
 vuejs,awesome-vue,,6165,789,
 mxcl,PromiseKit,Swift,6157,538,
 mikepenz,MaterialDrawer,Java,6152,1295,
 nodejitsu,node-http-proxy,JavaScript,6152,1052,
 piwik,piwik,PHP,6152,1081,
 WebAssembly,design,,6149,342,
 akka,akka,Scala,6143,1954,
 junegunn,fzf,Go,6135,269,
 CoderMJLee,MJExtension,Objective-C,6129,1866,
 elastic,kibana,JavaScript,6126,2260,
 jverkoey,nimbus,Objective-C,6118,1375,
 ryanb,cancan,Ruby,6113,833,
 JetBrains,kotlin,Java,6107,661,
 davatron5000,FitText.js,HTML,6103,1295,
 guarinogabriel,Mac-CLI,Shell,6099,214,
 babun,babun,Shell,6085,367,
 ant-design,ant-design,CSS,6067,1182,
 huluoyang,freecodecamp.cn,JavaScript,6063,336,
 eslint,eslint,JavaScript,6059,1173,
 jigish,slate,Objective-C,6059,408,
 seajs,seajs,JavaScript,6058,2535,
 facebook,xctool,Objective-C,6049,682,
 HubSpot,tether,JavaScript,6047,425,
 CosmicMind,Material,Swift,6044,559,
 onevcat,Kingfisher,Swift,6040,658,
 mgcrea,angular-strap,JavaScript,6038,1529,
 briangonzalez,jquery.adaptive-backgrounds.js,HTML,6035,442,
 casperjs,casperjs,JavaScript,6035,951,
 SignalR,SignalR,C#,6033,1848,
 p-e-w,maybe,Python,6033,160,
 laravel,framework,PHP,6031,3590,
 amatsuda,kaminari,Ruby,6026,804,
 ipfs,ipfs,,6012,236,
 fullcalendar,fullcalendar,JavaScript,6010,1989,
 facebook,stetho,Java,6007,575,
 winterbe,java8-tutorial,Java,6005,937,
 alibaba,dubbo,Java,6002,6095,
 nicolargo,glances,JavaScript,6001,431,
 dangrossman,bootstrap-daterangepicker,JavaScript,5997,1945,
 rupa,z,Shell,5996,507,
 dropbox,zxcvbn,CoffeeScript,5987,394,
 h2o,h2o,C,5979,462,
 zurb,foundation-emails,HTML,5979,593,
 sbstjn,timesheet.js,JavaScript,5975,449,
 mdo,code-guide,HTML,5975,907,
 angular-app,angular-app,JavaScript,5974,1940,
 daimajia,AndroidViewAnimations,Java,5973,1522,
 omniauth,omniauth,Ruby,5972,779,
 twitter,twemproxy,C,5969,1218,
 gitbucket,gitbucket,Scala,5959,745,
 arduino,Arduino,HTML,5959,4823,
 tuupola,jquery_lazyload,HTML,5954,1676,
 jakiestfu,Snap.js,JavaScript,5950,738,
 thejameskyle,the-super-tiny-compiler,JavaScript,5949,366,
 johnezang,JSONKit,Objective-C,5947,1755,
 chrisbanes,cheesesquare,Java,5934,1522,
 git-up,GitUp,Objective-C,5934,319,
 connors,photon,CSS,5933,289,
 Mango,slideout,JavaScript,5932,954,
 charliesome,better_errors,Ruby,5932,368,
 facebook,SocketRocket,Objective-C,5928,1196,
 angular,protractor,JavaScript,5918,1375,
 hashicorp,terraform,Go,5911,1997,
 zeroclipboard,zeroclipboard,JavaScript,5910,1039,
 thedillonb,CodeHub,C#,5894,263,
 facebook,infer,OCaml,5894,763,
 nlp-compromise,nlp_compromise,JavaScript,5894,290,
 PureLayout,PureLayout,Objective-C,5889,641,
 braziljs,js-the-right-way,HTML,5884,755,
 vladikoff,chromeos-apk,JavaScript,5878,621,
 BlackrockDigital,startbootstrap,HTML,5869,2865,
 thoughtbot,guides,Ruby,5859,925,
 thebird,Swipe,JavaScript,5858,1734,
 mleibman,SlickGrid,JavaScript,5854,1947,
 shutterstock,rickshaw,JavaScript,5854,926,
 gaearon,redux-devtools,JavaScript,5844,406,
 google,agera,Java,5842,518,
 tonymillion,Reachability,Objective-C,5840,1116,
 DrKLO,Telegram,C,5834,2733,
 michaelvillar,dynamics.js,CoffeeScript,5832,322,
 shekhargulati,52-technologies-in-2016,JavaScript,5830,323,
 IFTTT,JazzHands,Objective-C,5828,657,
 mitmproxy,mitmproxy,JavaScript,5824,829,
 deis,deis,Python,5818,881,
 thoughtbot,laptop,Shell,5809,1353,
 jverdi,JVFloatLabeledTextField,Objective-C,5808,567,
 greatfire,wiki,,5805,1652,
 apple,swift-evolution,XSLT,5802,867,
 libgit2,libgit2,C,5796,1426,
 EnterpriseQualityCoding,FizzBuzzEnterpriseEdition,Java,5791,317,
 pokeb,asi-http-request,Objective-C,5773,1536,
 facebook,jest,JavaScript,5771,712,
 mailchimp,email-blueprints,,5762,2451,
 mitchellh,packer,Go,5760,1394,
 nosir,cleave.js,JavaScript,5758,243,
 ramda,ramda,JavaScript,5758,380,
 restify,node-restify,JavaScript,5753,667,
 ether,etherpad-lite,JavaScript,5750,1301,
 mutualmobile,MMDrawerController,Objective-C,5745,1294,
 greenrobot,greenDAO,Java,5744,1935,
 raywenderlich,swift-style-guide,,5744,903,
 jlund,streisand,HTML,5739,434,
 clojure,clojure,Java,5739,992,
 tmuxinator,tmuxinator,Ruby,5735,372,
 mobile-shell,mosh,C++,5732,390,
 zwaldowski,BlocksKit,Objective-C,5728,941,
 eliangcs,http-prompt,Python,5721,184,
 desandro,imagesloaded,JavaScript,5707,1018,
 Microsoft,ChakraCore,JavaScript,5703,638,
 hangtwenty,dive-into-machine-learning,,5701,762,
 omcljs,om,Clojure,5697,334,
 breach,breach_core,JavaScript,5693,520,
 mxgmn,WaveFunctionCollapse,C#,5684,190,
 jsonmodel,jsonmodel,Objective-C,5684,995,
 google,physical-web,Java,5652,685,
 boto,boto,Python,5649,2066,
 philc,vimium,CoffeeScript,5638,798,
 mame,quine-relay,Ruby,5632,302,
 HubSpot,vex,CSS,5630,388,
 taye,interact.js,JavaScript,5625,362,
 square,dagger,Java,5624,1557,
 facebook,facebook-ios-sdk,Objective-C,5623,2242,
 mozilla,togetherjs,JavaScript,5610,661,
 rethinkdb,horizon,JavaScript,5605,256,
 twitter,twemoji,JavaScript,5598,673,
 torch,torch7,C,5590,1613,
 karpathy,convnetjs,JavaScript,5574,1090,
 CreateJS,EaselJS,JavaScript,5570,1548,
 googlecreativelab,anypixel,C,5569,433,
 brunch,brunch,JavaScript,5560,409,
 labstack,echo,Go,5555,427,
 maxogden,art-of-node,JavaScript,5554,526,
 davidsonfellipe,awesome-wpo,,5553,429,
 jquery-ui-bootstrap,jquery-ui-bootstrap,HTML,5548,895,
 IBAnimatable,IBAnimatable,Swift,5548,479,
 highcharts,highcharts,JavaScript,5547,1853,
 fatih,vim-go,VimL,5547,543,
 junegunn,vim-plug,VimL,5536,219,
 sovereign,sovereign,Python,5533,497,
 gaearon,react-hot-loader,JavaScript,5532,296,
 ibireme,YYText,Objective-C,5529,922,
 CodeSeven,toastr,JavaScript,5527,975,
 antirez,disque,C,5524,330,
 Bearded-Hen,Android-Bootstrap,Java,5511,1274,
 yeoman,generator-angular,JavaScript,5509,1556,
 yyuu,pyenv,Shell,5508,439,
 astuetz,PagerSlidingTabStrip,Java,5508,2683,
 sebastianbergmann,phpunit,PHP,5506,1283,
 neutraltone,awesome-stock-resources,,5502,277,
 spotify,luigi,Python,5496,1044,
 madrobby,keymaster,JavaScript,5492,393,
 kataras,iris,Go,5488,307,
 mishoo,UglifyJS2,JavaScript,5486,608,
 Microsoft,WinObjC,Objective-C++,5476,709,
 joshuaclayton,blueprint-css,CSS,5470,628,
 square,crossfilter,JavaScript,5464,1271,
 zendframework,zendframework,,5461,3151,
 novus,nvd3,JavaScript,5460,1907,
 angular-fullstack,generator-angular-fullstack,JavaScript,5456,1133,
 svg,svgo,JavaScript,5451,409,
 shadowsocks,shadowsocks-windows,C#,5450,3875,
 progit,progit,Ruby,5447,2434,
 plotly,plotly.js,JavaScript,5446,503,
 liuliu,ccv,C,5431,1339,
 brillout,awesome-react-components,,5431,208,
 coodict,javascript-in-one-pic,,5427,660,
 middleman,middleman,Ruby,5422,544,
 robertdavidgraham,masscan,C,5420,897,
 kien,ctrlp.vim,VimL,5416,416,
 dmlc,mxnet,C++,5403,2051,
 hashicorp,vault,Go,5398,590,
 baconjs,bacon.js,CoffeeScript,5396,306,
 celery,celery,Python,5388,1772,
 stubbornella,oocss,JavaScript,5373,705,
 Quick,Quick,Swift,5371,517,
 umano,AndroidSlidingUpPanel,Java,5367,1730,
 google,xi-editor,Rust,5367,165,
 iissnan,hexo-theme-next,CSS,5365,1726,
 junit-team,junit4,Java,5347,2084,
 aFarkas,lazysizes,JavaScript,5342,343,
 b4winckler,macvim,C,5341,466,
 android-cn,android-open-project-analysis,,5337,2251,
 aspnet,Home,PowerShell,5336,1458,
 twostairs,paperwork,PHP,5331,514,
 popcorn-time,popcorn-app,CSS,5328,2079,
 HelloZeroNet,ZeroNet,Python,5328,589,
 nhaarman,ListViewAnimations,Java,5327,1860,
 lra,mackup,Python,5326,474,
 PowerShell,PowerShell,C#,5322,582,
 shadowsocks,shadowsocks-android,Scala,5320,3237,
 memcached,memcached,C,5316,1859,
 jsdoc3,jsdoc,JavaScript,5314,707,
 Seldaek,monolog,PHP,5313,994,
 cyclejs,cyclejs,JavaScript,5301,165,
 NaturalNode,natural,JavaScript,5300,494,
 beetbox,beets,Python,5299,877,
 Nickersoft,push.js,JavaScript,5296,212,
 es-shims,es5-shim,JavaScript,5295,698,
 facebook,chisel,Python,5293,445,
 eclipse,vert.x,Java,5290,1007,
 codeguy,php-the-right-way,CSS,5288,2476,
 cmusatyalab,openface,Python,5284,927,
 getgrav,grav,PHP,5281,437,
 octalmage,robotjs,C,5279,234,
 shipyard,shipyard,JavaScript,5276,674,
 metalsmith,metalsmith,JavaScript,5274,457,
 HubSpot,odometer,CSS,5261,397,
 tmux,tmux,C,5255,385,
 codecombat,codecombat,CoffeeScript,5255,2573,
 go-kit,kit,Go,5253,451,
 greensock,GreenSock-JS,JavaScript,5248,810,
 open-power-workgroup,Hospital,HTML,5247,1003,
 ExactTarget,fuelux,JavaScript,5239,1149,
 facebookresearch,fastText,C++,5236,692,
 primer,primer,CSS,5234,372,
 FFmpeg,FFmpeg,C,5232,2799,
 vitalets,x-editable,JavaScript,5224,1038,
 florent37,MaterialViewPager,Java,5220,1072,
 SFTtech,openage,C++,5215,499,
 dc-js,dc.js,JavaScript,5200,1360,
 gatsbyjs,gatsby,JavaScript,5192,255,
 tj,n,Shell,5192,342,
 akveo,blur-admin,JavaScript,5189,981,
 gabrielbull,react-desktop,JavaScript,5186,197,
 marcuswestin,store.js,JavaScript,5182,720,
 prestodb,presto,Java,5180,1600,
 nightwatchjs,nightwatch,JavaScript,5169,462,
 philipwalton,flexbugs,,5166,138,
 loadfive,Knwl.js,JavaScript,5164,224,
 yangyangwithgnu,hardseed,C++,5162,1122,
 louischatriot,nedb,JavaScript,5159,344,
 odoo,odoo,Python,5159,4918,
 octobercms,october,PHP,5158,1264,
 coolwanglu,pdf2htmlEX,C++,5157,731,
 evilstreak,markdown-js,JavaScript,5157,711,
 StackExchange,dapper-dot-net,C#,5156,1569,
 android,platform_frameworks_base,Java,5156,4087,
 square,PonyDebugger,Objective-C,5156,552,
 geeeeeeeeek,electronic-wechat,JavaScript,5153,818,
 jhipster,generator-jhipster,JavaScript,5152,1124,
 gotwarlost,istanbul,JavaScript,5151,527,
 flarum,flarum,ApacheConf,5147,538,
 flot,flot,JavaScript,5147,1332,
 mail-in-a-box,mailinabox,Python,5147,444,
 Bash-it,bash-it,Shell,5144,1117,
 Microsoft,api-guidelines,,5140,384,
 gizak,termui,Go,5138,238,
 rgcr,m-cli,Shell,5131,157,
 facebook,nuclide,JavaScript,5127,359,
 mhinz,vim-galore,VimL,5122,168,
 xbmc,xbmc,C++,5121,3713,
 jscs-dev,node-jscs,JavaScript,5121,564,
 guard,guard,Ruby,5119,425,
 twitter,finagle,Scala,5111,970,
